"Avg HBS Time","Avg HBS Comparisons","Avg MS Time","Avg MS Comparisons"
"2109.8699999999985","2.763621825460002E8","2957.878","2.154567746539998E8"
